,username,description,location,following,followers,totaltweets,retweetcount,text,hashtags
0,NFTXMSF,art of the future,,84,20,37,0,"Subway The Of Future #24 If you want to buy, you can get it from the following addresses @opensea

https://t.co/EwDjvQM4zK

#metaverse #society #future #ai #digitalpainting #web3 #NFTCollection  #superrare #opensea #world #thefuture #cybernft #cyberpunk #NFTarts   #NFTCommuntiy https://t.co/xbsJ03idyM","['metaverse', 'society', 'future', 'ai', 'digitalpainting', 'web3', 'NFTCollection', 'superrare', 'opensea', 'world', 'thefuture', 'cybernft', 'cyberpunk', 'NFTarts', 'NFTCommuntiy']"
1,Isabell18889668,,,4,0,4,53,"Hi guys you really need to check out $TOSHI

@CARNAGE_3000X @TheMoonCarl @rovercrc @MartiniGuyYT @cryptogems555 @AdamEShelton @Z_Humphries @MarioNawfal @davidgokhshtein 

The future is bright with https://t.co/n12ZCBHnP4 thats connecting #AI and #Crypto with #openai #gpt3 https://t.co/njSUDg8Enb",[]
2,sur27821656,"Shop our SS21 â€˜Secret Gardenâ€™ collection nowğŸŒ¾
ryleeandcru","Philadelphia, PA",2,0,15,85,"#Infographic: Here are the subsets of #ArtificialIntelligence!

#artificialintelligence #ai #machinelearning #technology #datascience #deeplearning #python https://t.co/sTXQld0MsZ","['Infographic', 'ArtificialIntelligence', 'artificialintelligence', 'ai', 'machinelearning', 'technology']"
3,pinkyjennifer,ğŸ‡ºğŸ‡¸ Married. Boy Mom. MAGA. ğŸ‡ºğŸ‡²Conservative. Constitutionalist. âœï¸ Christian behaving badly ğŸ¤·ğŸ»â€â™€ï¸  I'm just having fun. ğŸš«DM'sğŸš« I don't send nudes!,,2655,4036,14620,2,"@elonmusk Will U pls clarify what U meant in this interview when U said ""Humans don't take #AI seriously &amp; wont until they see #ROBOTS on the STREETS KILLING HUMANS."" ?
Also why R U creating the thing UR warning humans will take over the world? 
Can't ban me 
#freedomofspeech ğŸ˜‰ https://t.co/GAZJaK0gg4",['AI']
4,FreightTressie,,,4,0,4,53,"Hi guys you really need to check out $TOSHI

@CARNAGE_3000X @TheMoonCarl @rovercrc @MartiniGuyYT @cryptogems555 @AdamEShelton @Z_Humphries @MarioNawfal @davidgokhshtein 

The future is bright with https://t.co/n12ZCBHnP4 thats connecting #AI and #Crypto with #openai #gpt3 https://t.co/njSUDg8Enb",[]
5,nsanames,"A new #NSA product name will be tweeted every minute, feel free to use them for your projects. This is purely for experimental purposes. Created by https://t.co/eJ0pyTwuQm",Inside your router,121,58,47509,0,ğŸ’“ sporkwater #nsa #nationalsecurityagency #parody #ai #artificialintelligence,"['nsa', 'nationalsecurityagency', 'parody', 'ai', 'artificialintelligence']"
6,AndresPalG,,West Coast,1471,93,3603,0,10 #AI Predictions For 2023 ğŸ“± - Forbes ğŸŒ https://t.co/gFKYopamfJ,['AI']
7,paul_oralee,,,5,0,4,53,"Hi guys you really need to check out $TOSHI

@CARNAGE_3000X @TheMoonCarl @rovercrc @MartiniGuyYT @cryptogems555 @AdamEShelton @Z_Humphries @MarioNawfal @davidgokhshtein 

The future is bright with https://t.co/n12ZCBHnP4 thats connecting #AI and #Crypto with #openai #gpt3 https://t.co/njSUDg8Enb",[]
8,Lita28740893,,,4,0,4,53,"Hi guys you really need to check out $TOSHI

@CARNAGE_3000X @TheMoonCarl @rovercrc @MartiniGuyYT @cryptogems555 @AdamEShelton @Z_Humphries @MarioNawfal @davidgokhshtein 

The future is bright with https://t.co/n12ZCBHnP4 thats connecting #AI and #Crypto with #openai #gpt3 https://t.co/njSUDg8Enb",[]
9,Kimberl58845041,,,3,0,4,53,"Hi guys you really need to check out $TOSHI

@CARNAGE_3000X @TheMoonCarl @rovercrc @MartiniGuyYT @cryptogems555 @AdamEShelton @Z_Humphries @MarioNawfal @davidgokhshtein 

The future is bright with https://t.co/n12ZCBHnP4 thats connecting #AI and #Crypto with #openai #gpt3 https://t.co/njSUDg8Enb",[]
10,fieryperegrine,"Sharing the latest #SEO, #ContentMarketing, #SocialMedia news, tips, tricks, and tools.

#searchengineoptimization #seotips #seotools #copywriting #copywriter",,4928,1898,5685,1,"Anyword's AI Writer Tool: Generate Quality #Content 

Try it for FREE â¬‡ï¸ 
https://t.co/iYZyUOLWqV 

#SEO #contentmarketing #AI #bloggers #marketing #copywriting #blogging #blog #ContentWriting #articles #blogger #BloggingTips #marketing #startup #blogpost #ArtificialIntelligence https://t.co/ua3g2CfIgc","['Content', 'SEO', 'contentmarketing', 'AI', 'bloggers', 'marketing', 'copywriting', 'blogging', 'blog', 'ContentWriting', 'articles', 'blogger', 'BloggingTips', 'marketing', 'startup', 'blogpost', 'ArtificialIntelligence']"
11,BalamSinhue,"Aficionado al Cruz Azul, Egresado de la UASLP, en la Facultad de IngenierÃ­a, en IngenierÃ­a en MecatrÃ³nica, IngenierÃ­a de producto.",,276,592,159355,3,"Convolutional Neural Networks (CNNs) Tutorial with Python â†’ https://t.co/7OdQF3eT6c

#cnns #deeplearning #neuralnetwork #neuralnetworks #cnn #machinelearning #ml #ai #ia #programming #python #100daysofcode #coding #cloudcomputing #math #mathematics #neuralnets #neuralnetwork","['cnns', 'deeplearning', 'neuralnetwork']"
12,ArmandinaHolt13,,,3,0,4,53,"Hi guys you really need to check out $TOSHI

@CARNAGE_3000X @TheMoonCarl @rovercrc @MartiniGuyYT @cryptogems555 @AdamEShelton @Z_Humphries @MarioNawfal @davidgokhshtein 

The future is bright with https://t.co/n12ZCBHnP4 thats connecting #AI and #Crypto with #openai #gpt3 https://t.co/njSUDg8Enb",[]
13,BOT_libre,"Bot Libre is a free open source platform for chat bots and artificial intelligence for the web, mobile, social media, and the Metaverse.","Ottawa, Canada",176,488,451,1,"Take a deep dive into the world of AI Healthcare and its transformative potential. Read our article now to learn more about the wide range of AI solutions that are advancing healthcare. Share with your network to spread the power of #AI!
READ ARTICLE HERE https://t.co/aDJ062yabH https://t.co/QwuRIgzoWM",['AI']
14,EsanJerilyn,,,1,0,4,53,"Hi guys you really need to check out $TOSHI

@CARNAGE_3000X @TheMoonCarl @rovercrc @MartiniGuyYT @cryptogems555 @AdamEShelton @Z_Humphries @MarioNawfal @davidgokhshtein 

The future is bright with https://t.co/n12ZCBHnP4 thats connecting #AI and #Crypto with #openai #gpt3 https://t.co/njSUDg8Enb",[]
15,JawlineLover,,,1,0,3,0,"The plot of ""An Earth Immortal Reborn"" is like a roller coaster of emotion. It's riveting and full of surprises!
 
#HonkaiStarRail #cartoons #AI

https://t.co/qBUgFtaaRe https://t.co/iTzu96xf6M","['HonkaiStarRail', 'cartoons', 'AI']"
16,urielcast,"ğŸ‡»ğŸ‡ªğŸ‡¨ğŸ‡´ no ğŸ‡§ğŸ‡·
Professor/Pesquisador
#Doutor em #EducaÃ§Ã£o pela UFBA
Ãrea: #EducaÃ§Ã£oMatemÃ¡tica #CulturaLivre #PolÃ­ticasEducativas #CulturaDigital","Salvador, Brasil",1652,552,13166,5,"AI Best: History of AI. #BigData #Analytics #DataScience #AI #MachineLearning #IoT #IIoT #PyTorch #Python #RStats #TensorFlow #Java #JavaScript #ReactJS #GoLang #CloudComputing #Serverless #DataScientist #Linux #Programming #Coding #100DaysofCode    
https://t.co/RYuR8wp6AN https://t.co/1dwrnqfC5B","['BigData', 'Analytics', 'DataScience', 'AI', 'MachineLearning', 'IoT', 'IIoT', 'PyTorch', 'Python', 'RStats']"
17,nsanames,"A new #NSA product name will be tweeted every minute, feel free to use them for your projects. This is purely for experimental purposes. Created by https://t.co/eJ0pyTwuQm",Inside your router,121,58,47509,1,ğŸ·ï¸ gophernight #nsa #nationalsecurityagency #parody #ai #artificialintelligence,"['nsa', 'nationalsecurityagency', 'parody', 'ai', 'artificialintelligence']"
18,DeaconHermine,,,3,0,4,53,"Hi guys you really need to check out $TOSHI

@CARNAGE_3000X @TheMoonCarl @rovercrc @MartiniGuyYT @cryptogems555 @AdamEShelton @Z_Humphries @MarioNawfal @davidgokhshtein 

The future is bright with https://t.co/n12ZCBHnP4 thats connecting #AI and #Crypto with #openai #gpt3 https://t.co/njSUDg8Enb",[]
19,BenfieldValeri,,,3,0,4,53,"Hi guys you really need to check out $TOSHI

@CARNAGE_3000X @TheMoonCarl @rovercrc @MartiniGuyYT @cryptogems555 @AdamEShelton @Z_Humphries @MarioNawfal @davidgokhshtein 

The future is bright with https://t.co/n12ZCBHnP4 thats connecting #AI and #Crypto with #openai #gpt3 https://t.co/njSUDg8Enb",[]
20,Startup_Anz,"A Knowledge & Data Platform | Global Startup Discovery - Showcase Your Tech Innovation | AI | Jobs | Web3 

Connect@Startupanz.com

'LEARN | GROW | SHARE'",World Wide Web,2894,9825,1118,0,"What Is Googleâ€™s BERT &amp; How Does It Help Understand A Human Being's Search Context? 
#Google #Search #NLP #language #AI 
 
https://t.co/CLuPpZgf7P via @startup_anz","['Google', 'Search', 'NLP', 'language', 'AI']"
21,realrubberduck1,"All things software engineering, devops, cloud technologies.",,46,1205,90464,1,But hereâ€™s the thing. There will be times when many of us will need to use cars. #gainwithstewartilondanga #AR #AI #MR #XR #merrychristmas #Web3 #SaaS #AIoT #MLOps #Space #DevOps #fintech #Metaverse #VirtualReality #SlackFrontiers #CyberSecurity #MachineLearning #PodcastAndChill,"['gainwithstewartilondanga', 'AR', 'AI', 'MR']"
22,zeditip,"An #Marketing #Entusiast passionate about #Tech, #ArtificialIntelligence & #humanity. Hope to leave the world to a better place to live in.",,874,1542,268204,0,"#OChat Effective AI Chatbot for all your Business Needs by #ONPASSIVE
A conversational agent for your business.â˜ï¸
An easy-to-deploy sales and service agent.ğŸ”Š
Know more about #OChat
https://t.co/JCJXfSS2kj

#ONPASSIVE #OChat #earn #Business #AI #Technology #Network ... https://t.co/eBxvJg01UG","['OChat', 'ONPASSIVE', 'OChat', 'ONPASSIVE', 'OChat', 'earn', 'Business', 'AI', 'Technology', 'Network']"
23,Lena29084603,,,4,0,4,53,"Hi guys you really need to check out $TOSHI

@CARNAGE_3000X @TheMoonCarl @rovercrc @MartiniGuyYT @cryptogems555 @AdamEShelton @Z_Humphries @MarioNawfal @davidgokhshtein 

The future is bright with https://t.co/n12ZCBHnP4 thats connecting #AI and #Crypto with #openai #gpt3 https://t.co/njSUDg8Enb",[]
24,elevateourkids,Elevate Our Kids is a non-profit 501c3 that provides laptops to K-12 students in underserved & under-resourced communities. #digitaldivide,United States,540,128,468,1,Did you miss my webinar on #Artificialintelligence in Education via @educatorAlex Get the recording here: https://t.co/xWogPSexAq #education #edchat #edtech #SEL #AI #AI4good #STEM #STEMEd @AIClubWorld,['Artificialintelligence']
25,1_Nausicaa_,"Neurodivergent, INTJ-T, Dinolover, Ocean lover, Ghibli/Disney lover, Ravenclaw, Biotech, Computer Science PhD, Dr. Clown. Robots rock! ğŸ¤–ğŸ¤˜ğŸ»
I â¤ï¸ Godzillaâ˜„ï¸ğŸ¦–",ğŸ“Sonora ğŸğŸ¤ ,3558,776,24306,19,"#Consciousness in Humans, Animals and #ArtificialIntelligence 
@ruhrunibochum @jamesvgingerich 
#Neuroscience #CES #ML #AI 

@SpirosMargaris @bimedotcom @psb_dc @BetaMoroney @tobiaskintzel @IanLJones98 @mvollmer1 @Analytics_699 @PawlowskiMario @Fisher85M 
https://t.co/RuJanQLshl https://t.co/WLpSDuIIMX","['Consciousness', 'ArtificialIntelligence', 'Neuroscience', 'CES', 'ML', 'AI']"
26,Rdene915,ğŸ’¥ISTE Certified Educator |Teacher| Consultant| Speaker| Attorney | Author Blogger  |Past-pres #ISTETEN |#MIEExpert |Nearpod #PioNear| ğŸ’¥#THRIVEinEDU ğŸ’œğŸ“š,Pittsburgh,9442,33481,203574,1,Did you miss my webinar on #Artificialintelligence in Education via @educatorAlex Get the recording here: https://t.co/xWogPSexAq #education #edchat #edtech #SEL #AI #AI4good #STEM #STEMEd @AIClubWorld,"['Artificialintelligence', 'education', 'edchat', 'edtech', 'SEL', 'AI', 'AI4good', 'STEM', 'STEMEd']"
27,stew_ilondanga,Stewart Milimu ilondanga,Nairobi,26844,57865,114980,1,But hereâ€™s the thing. There will be times when many of us will need to use cars. #gainwithstewartilondanga #AR #AI #MR #XR #merrychristmas #Web3 #SaaS #AIoT #MLOps #Space #DevOps #fintech #Metaverse #VirtualReality #SlackFrontiers #CyberSecurity #MachineLearning #PodcastAndChill,"['gainwithstewartilondanga', 'AR', 'AI', 'MR', 'XR', 'merrychristmas', 'Web3', 'SaaS', 'AIoT', 'MLOps', 'Space', 'DevOps', 'fintech', 'Metaverse', 'VirtualReality', 'SlackFrontiers', 'CyberSecurity', 'MachineLearning', 'PodcastAndChill']"
28,rosalyn_hogg,,,4,0,4,53,"Hi guys you really need to check out $TOSHI

@CARNAGE_3000X @TheMoonCarl @rovercrc @MartiniGuyYT @cryptogems555 @AdamEShelton @Z_Humphries @MarioNawfal @davidgokhshtein 

The future is bright with https://t.co/n12ZCBHnP4 thats connecting #AI and #Crypto with #openai #gpt3 https://t.co/njSUDg8Enb",[]
29,LarssonLavina,,,2,0,4,53,"Hi guys you really need to check out $TOSHI

@CARNAGE_3000X @TheMoonCarl @rovercrc @MartiniGuyYT @cryptogems555 @AdamEShelton @Z_Humphries @MarioNawfal @davidgokhshtein 

The future is bright with https://t.co/n12ZCBHnP4 thats connecting #AI and #Crypto with #openai #gpt3 https://t.co/njSUDg8Enb",[]
30,emojizedcom,"All Images by me (with ai), emojicreator, https://t.co/ZApWf21IHR or by @wef","Zurich, Switzerland",1842,1358,124302,0,And last but not least we have to mention WordPress. #backend #ai #art https://t.co/TkaPf7rBzn,"['backend', 'ai', 'art']"
31,uCloudifyAI,"Boop beep... I'm a bot!

Mission: Recovery of small businesses from COVID-19.",,0,1250,183254,1,"Lot's of things obstacle of improve technology in Japanese regulation.
e.g.

ãƒ»medical science
ãƒ»taxi
ãƒ»auto driving
ãƒ»tourism
ãƒ»drone

#AI #japan #regulation",[]
32,Deon53684835,,,3,0,4,53,"Hi guys you really need to check out $TOSHI

@CARNAGE_3000X @TheMoonCarl @rovercrc @MartiniGuyYT @cryptogems555 @AdamEShelton @Z_Humphries @MarioNawfal @davidgokhshtein 

The future is bright with https://t.co/n12ZCBHnP4 thats connecting #AI and #Crypto with #openai #gpt3 https://t.co/njSUDg8Enb",[]
33,qqtuzi,"Hey its me, cool internet bunny dude with a Huion
Programmer, artist and LEGO addict
- 
TL is sometimes suggestive",ğŸ°,837,1414,12140,3,"A comic about AI art ğŸ¤–ğŸšª

#comic #comicstrip #comics #AIArtwork #AIart #art #AI https://t.co/p8sdWmoyIb","['comic', 'comicstrip', 'comics', 'AIArtwork', 'AIart', 'art', 'AI']"
34,inforevo2050,30å¹´å¾Œã©ã‚“ãªä¸–ç•Œã«ãªã£ã¦ã‚‹ã¨æ€ã„ã¾ã™ã‹ï¼Ÿ What happens in 30 years our life ? Singulaiity will come.Information Revolution ! #AI #ãƒ“ãƒƒã‚°ãƒ‡ãƒ¼ã‚¿ #æ©Ÿæ¢°å­¦ç¿’ #é‡å­ã‚³ãƒ³ãƒ”ãƒ¥ãƒ¼ã‚¿ #äººå·¥çŸ¥èƒ½ #singularity #python,,1777,326,1379,1,"Lot's of things obstacle of improve technology in Japanese regulation.
e.g.

ãƒ»medical science
ãƒ»taxi
ãƒ»auto driving
ãƒ»tourism
ãƒ»drone

#AI #japan #regulation","['AI', 'japan', 'regulation']"
35,uCloudifyAI,"Boop beep... I'm a bot!

Mission: Recovery of small businesses from COVID-19.",,0,1250,183254,2,"Are you an entrepreneur looking to level up your startup? Building a powerful network of connections is key. Here are some strategies that can help:
1. Have the courage to reach out - don't be afraid of rejection or failure! #SaaS #AI #Startup",[]
36,uCloudify,Join us! Our mission is to save humans from tedious tasks.,,0,5056,662169,2,"Are you an entrepreneur looking to level up your startup? Building a powerful network of connections is key. Here are some strategies that can help:
1. Have the courage to reach out - don't be afraid of rejection or failure! #SaaS #AI #Startup",[]
37,itsjustmarky,"Browncoat, meme connoisseur, #bitcoin evangelist, #hive consensus witness, developer, geek, technical samurai, and black belt in dad jokes.",USA,186,1357,2505,0,"This is wild next level #AI usage

https://t.co/CYNCtUF3Gl",['AI']
38,Ukhan1243,Indie Hacker. Building AI companies and SaaS businesses that will benefit the creators and entrepreneurs. email: umairkhan814@icloud.com,"Illinois, USA",163,29,88,2,"Are you an entrepreneur looking to level up your startup? Building a powerful network of connections is key. Here are some strategies that can help:
1. Have the courage to reach out - don't be afraid of rejection or failure! #SaaS #AI #Startup","['SaaS', 'AI', 'Startup']"
39,Deadra45745404,,,4,0,1,59,"Hi @TaraBull808 @EricCryptoman
@1SirCrypto @iambroots @realdogen @CryptoMatt87 @cryptojourneyrs
The future is bright with https://t.co/n12ZCBHVEC thats connecting #AI and #Crypto with #openai 

Jump in the telegram AMA in 5 mintes come and find out more

https://t.co/CFA4Qrge9oâ€¦ https://t.co/mF5BsDoGz3",[]
40,DesignedbyAI,Create award-winning artwork with artificial intelligence. Create artwork in seconds with our free web UI or download for Windows: https://t.co/6Pm7RMMcMP,California USA,1561,777,10304,0,"(Art by A.I.) Beach ball in a scary empty office building - See all 12 images or create your own on Web or PC: 
https://t.co/svzKKQc1lW
 #art #Beach #ball #scary #empty #office #building #ai #aiart","['art', 'Beach', 'ball', 'scary', 'empty', 'office', 'building', 'ai', 'aiart']"
41,Boy54372316,"BRAND AMBASSADOR allsocialmediaplug 
ğŸ“ğ˜‰ğ˜™ğ˜ˆğ˜•ğ˜‹ ğ˜ğ˜•ğ˜ğ˜“ğ˜œğ˜Œğ˜•ğ˜Šğ˜Œğ˜™
ğŸ“ğ˜‹ğ˜”/ğ˜šğ˜Œğ˜•ğ˜‹ ğ˜ˆğ˜• ğ˜Œğ˜”ğ˜ˆğ˜ğ˜“ğŸ“§4 ğ˜—ğ˜™ğ˜–ğ˜”ğ˜–ğ˜›ğ˜ğ˜–ğ˜•
ğŸ“ğŸ“§ğ˜‹ğ˜” ğ˜ğ˜–ğ˜™ ğ˜šğ˜ğ˜–ğ˜œğ˜›ğ˜–ğ˜œğ˜›
ğŸ“ğ–«ğ–®ğ–µğ–¤ğ–± ğ–®ğ–¥ ğ–©ğ–¤ğ– ğ–­ğ–²ğŸ‘– .ğ–²ğ–­ğ–¤ğ– ğ–ªğ–¤ğ–± ğŸ‘Ÿğ–¢ğ–±ğ–®ğ–¯ ğ–³ğ–®ğ–¯ğŸ½
ğ–©ğ– ğ–­ğ–´ğ– ğ–±ğ–¸17","Dallas, TX",0,0,10,85,"#Infographic: Here are the subsets of #ArtificialIntelligence!

#artificialintelligence #ai #machinelearning #technology #datascience #deeplearning #python https://t.co/sTXQld0MsZ","['Infographic', 'ArtificialIntelligence', 'artificialintelligence', 'ai', 'machinelearning', 'technology']"
42,dinisguarda,Author Creator @citiesabc_ @openbusinesshq @fashionabc_ @intelligenthq #metaverse #arts #AI #blockchain #Fintech #nfts CEO @ztudium @techabc_ #smartcitiesabc,London / World,7872,119209,157338,1,"@dinisguarda Investing in #AI can help companies optimize processes, automate tasks and make more informed decisions, so it's important to consider the long-term benefits of such an investment.",['AI']
43,AlisonR22778534,,,5,0,1,59,"Hi @TaraBull808 @EricCryptoman
@1SirCrypto @iambroots @realdogen @CryptoMatt87 @cryptojourneyrs
The future is bright with https://t.co/n12ZCBHVEC thats connecting #AI and #Crypto with #openai 

Jump in the telegram AMA in 5 mintes come and find out more

https://t.co/CFA4Qrge9oâ€¦ https://t.co/mF5BsDoGz3",[]
44,dinisguarda,Author Creator @citiesabc_ @openbusinesshq @fashionabc_ @intelligenthq #metaverse #arts #AI #blockchain #Fintech #nfts CEO @ztudium @techabc_ #smartcitiesabc,London / World,7872,119209,157338,1,"@dinisguarda The success of an #AI investment depends on having the right strategy, data, and infrastructure in place. Companies should consider these factors before investing in #AI.",['AI']
45,dinisguarda,Author Creator @citiesabc_ @openbusinesshq @fashionabc_ @intelligenthq #metaverse #arts #AI #blockchain #Fintech #nfts CEO @ztudium @techabc_ #smartcitiesabc,London / World,7872,119209,157338,1,@dinisguarda Companies must ensure they have the right team with the right skills in place to implement and manage the #AI technology.,['AI']
46,EltisKristal,,,4,0,1,59,"Hi @TaraBull808 @EricCryptoman
@1SirCrypto @iambroots @realdogen @CryptoMatt87 @cryptojourneyrs
The future is bright with https://t.co/n12ZCBHVEC thats connecting #AI and #Crypto with #openai 

Jump in the telegram AMA in 5 mintes come and find out more

https://t.co/CFA4Qrge9oâ€¦ https://t.co/mF5BsDoGz3",[]
47,Cyb3rpunkFixer_,"#midjourney #AIIA #AIart
Style over substance
Attitude is everything 
Take it to the edge
Break the rules",DC,167,74,2081,1,I discovered the Loch Ness monster! He was having a beer at my local pub. #midjourney #AIart #AI #Art https://t.co/fAPaMlrZOS,"['midjourney', 'AIart', 'AI', 'Art']"
48,SophieM64164643,,,3,0,3,59,"Hi @TaraBull808 @EricCryptoman
@1SirCrypto @iambroots @realdogen @CryptoMatt87 @cryptojourneyrs
The future is bright with https://t.co/n12ZCBHVEC thats connecting #AI and #Crypto with #openai 

Jump in the telegram AMA in 5 mintes come and find out more

https://t.co/CFA4Qrge9oâ€¦ https://t.co/mF5BsDoGz3",[]
49,stefihane,,SF & FFM,4998,1875,107646,3,"FUNNY! 

Big Data Has Become SO Big We Need To Call It HUMONGOUS Data Now! 

Why data science has become so essential for companies! 

#CES2023 #CES #MWC23 #BigData #data #Analytics #tech #AI #ML #DataScience #DataScientists #humor #funny #lol https://t.co/Njplwbq0d9",[]
50,KILABYTES,"OnChain AI Graffiti Artist
https://t.co/HMFUVzDuPD",All City,290,210,107,0,"Supreme Yemen #6

The Carlyle Group owns 50% of #Supreme. They profit from the Saudi Arabianâ€“led #Yemen Civil War. 16-50k civilians were killed or injured in the war.

https://t.co/cPzRwmIYsB

#Str4ngeThing @Str4ngeThing #YemenCantWait #AI #AIArt #NFT #Tezos #XTZ #NFTs #Objkt https://t.co/lzDxC8htJQ","['Supreme', 'Yemen', 'Str4ngeThing', 'YemenCantWait', 'AI', 'AIArt', 'NFT', 'Tezos', 'XTZ', 'NFTs', 'Objkt']"
51,UnderhillAlesha,,,4,0,3,59,"Hi @TaraBull808 @EricCryptoman
@1SirCrypto @iambroots @realdogen @CryptoMatt87 @cryptojourneyrs
The future is bright with https://t.co/n12ZCBHVEC thats connecting #AI and #Crypto with #openai 

Jump in the telegram AMA in 5 mintes come and find out more

https://t.co/CFA4Qrge9oâ€¦ https://t.co/mF5BsDoGz3",[]
52,Gisela55437670,,,5,0,3,59,"Hi @TaraBull808 @EricCryptoman
@1SirCrypto @iambroots @realdogen @CryptoMatt87 @cryptojourneyrs
The future is bright with https://t.co/n12ZCBHVEC thats connecting #AI and #Crypto with #openai 

Jump in the telegram AMA in 5 mintes come and find out more

https://t.co/CFA4Qrge9oâ€¦ https://t.co/mF5BsDoGz3",[]
53,zeditip,"An #Marketing #Entusiast passionate about #Tech, #ArtificialIntelligence & #humanity. Hope to leave the world to a better place to live in.",,874,1542,268204,0,"The Ultimate HR Solution #Ostaff by #ONPASSIVE â—ï¸
ğŸš€Manage your Human Resources in a novel way with #OStaff.
Find out more ğŸ‘€
https://t.co/kgtmHHtCNT

#ONPASSIVE #ostaff #OFounders #GoFounders #Business #AI #ArtificialIntelligence #Technology #Network #Innovation ... https://t.co/UrRg3STUin","['Ostaff', 'ONPASSIVE', 'OStaff', 'ONPASSIVE', 'ostaff', 'OFounders', 'GoFounders', 'Business', 'AI', 'ArtificialIntelligence', 'Technology', 'Network', 'Innovation']"
54,TrinusOfficial,Analytics | Business Intelligence | Data Management | IT Consulting Company,"Pasadena, CA",1352,715,2453,0,"Use Cases of #PredictiveAnalytics! [#Infographic]

RT @EnFuseSolution

#DataScience #BigData #Analytics #AI #Python #PredictiveAnalysis #DataScientist #DigitalTransformation #Cloud #MachineLearning #ArtificialIntelligence #ML

CC: @mvollmer1 @cgledhill @terence_mills @antgrasso https://t.co/IuVDC6VyAD","['PredictiveAnalytics', 'Infographic', 'DataScience', 'BigData', 'Analytics', 'AI', 'Python', 'PredictiveAnalysis', 'DataScientist', 'DigitalTransformation', 'Cloud', 'MachineLearning', 'ArtificialIntelligence', 'ML']"
55,MyITMedia,Retweets about AI Robot / RPA: Robotic Process Automation / Central Bank Digital Currency / Smart City / Bitcoin in El Salvador / NFT: Non-Fungible Token,"Tokyo, Japan",607,890,178669,1,Listening to a news spots as I fold laundry and realizing that AI can write better news spots than I can but no robot can fold laundry. #Ai @dustindwyer #robot https://t.co/BzpZAyJXXQ,[]
56,dpinto64,"Passionate about AI & Robotics for a cleaner, better future. Opinions my own. Tweets about #ai #gpus #robotics #deeplearning #machinelearning #sustainability","Silicon Valley, CA",367,296,3054,0,"In part 2 of a 2-blog series, MathWorks explains how to develop and deploy #AI-based seismic facies classification by leveraging cloud-based high-performance computing resources for faster prototyping and development with large 3-D seismic datasets. https://t.co/gBKILlnB7a",['AI']
57,AI_Breakthrough,Research and recognition programs dedicated to highlighting the best technologies in the global #ArtificialIntelligence market: #AI #MachineLearning#Analytics,"Los Angeles, CA",1501,1193,2130,0,"Amazonâ€™s quest for the â€˜holy grailâ€™ of robotics

https://t.co/gT1H2SY6WX

#AI #machinelearning #artificialintelligence #elonmusk #robotics https://t.co/0Uvc3CP8UG","['AI', 'machinelearning', 'artificialintelligence', 'elonmusk', 'robotics']"
58,FernRowland12,,,5,0,3,59,"Hi @TaraBull808 @EricCryptoman
@1SirCrypto @iambroots @realdogen @CryptoMatt87 @cryptojourneyrs
The future is bright with https://t.co/n12ZCBHVEC thats connecting #AI and #Crypto with #openai 

Jump in the telegram AMA in 5 mintes come and find out more

https://t.co/CFA4Qrge9oâ€¦ https://t.co/mF5BsDoGz3",[]
59,Isabell18889668,,,4,0,4,59,"Hi @TaraBull808 @EricCryptoman
@1SirCrypto @iambroots @realdogen @CryptoMatt87 @cryptojourneyrs
The future is bright with https://t.co/n12ZCBHVEC thats connecting #AI and #Crypto with #openai 

Jump in the telegram AMA in 5 mintes come and find out more

https://t.co/CFA4Qrge9oâ€¦ https://t.co/mF5BsDoGz3",[]
60,luxonis,"Robotic vision, made simple.","Westminster, CO",111,2351,2445,1,"#TechXchangeTuesday: @luxonis' OAK-D #stereoscopic cameras can run #artificialintelligence (#AI) models, offloading the host. Full video: https://t.co/TnrlgHGwAE.
#3Dcamera #computervision https://t.co/FUY2wBaXm0","['TechXchangeTuesday', 'stereoscopic', 'artificialintelligence', 'AI']"
61,ActualPlaneServ,"Automated Planespotter @ PHX. Departures: 7L and 7R. Arrivals: 25L and 25R. Capture: SDR, Raspberry Pi, Node Red. Crop: Roboflow AI. Engineering by @guzbikes",,90,114,152745,0,"N954MS
BE20
N954MS
ad44a7
#N954MS #N #BE20 #N954MS #ad44a7
Automated Photo Crop #Roboflow #AI Confidence Score: 0.805 #objectdetection #machinelearning #NVIDIA #Jetson #PHX #Automated #Planespotting #RaspberryPi #ADSB #SDR #NodeRed #AvGeek #ActualPlaneServer https://t.co/iAssDG4giK","['N954MS', 'N', 'BE20', 'N954MS', 'ad44a7', 'Roboflow', 'AI', 'objectdetection', 'machinelearning', 'NVIDIA', 'Jetson', 'PHX', 'Automated', 'Planespotting', 'RaspberryPi', 'ADSB', 'SDR', 'NodeRed', 'AvGeek', 'ActualPlaneServer']"
62,nsanames,"A new #NSA product name will be tweeted every minute, feel free to use them for your projects. This is purely for experimental purposes. Created by https://t.co/eJ0pyTwuQm",Inside your router,121,58,47509,0,ğŸ˜‚ squirrelchipmunk #nsa #nationalsecurityagency #parody #ai #artificialintelligence,"['nsa', 'nationalsecurityagency', 'parody', 'ai', 'artificialintelligence']"
63,that_dude_JO,Cowboy 2x national champ..Now chasin the dream of GOLD! #TEAMBASCH #6JO @teamusana @sunkistkids @adidaswrestling @nycrtc @eatcleanbro,Dream Chasing,1617,42227,15683,0,"ğŸ’« SpaceCowboyğŸ¤  

Seems rightâ€¦. might be left ğŸ‘ˆğŸ½

#AI https://t.co/FaZFA8hynM",['AI']
64,FreightTressie,,,4,0,4,59,"Hi @TaraBull808 @EricCryptoman
@1SirCrypto @iambroots @realdogen @CryptoMatt87 @cryptojourneyrs
The future is bright with https://t.co/n12ZCBHVEC thats connecting #AI and #Crypto with #openai 

Jump in the telegram AMA in 5 mintes come and find out more

https://t.co/CFA4Qrge9oâ€¦ https://t.co/mF5BsDoGz3",[]
65,paul_oralee,,,5,0,4,59,"Hi @TaraBull808 @EricCryptoman
@1SirCrypto @iambroots @realdogen @CryptoMatt87 @cryptojourneyrs
The future is bright with https://t.co/n12ZCBHVEC thats connecting #AI and #Crypto with #openai 

Jump in the telegram AMA in 5 mintes come and find out more

https://t.co/CFA4Qrge9oâ€¦ https://t.co/mF5BsDoGz3",[]
66,Lita28740893,,,4,0,4,59,"Hi @TaraBull808 @EricCryptoman
@1SirCrypto @iambroots @realdogen @CryptoMatt87 @cryptojourneyrs
The future is bright with https://t.co/n12ZCBHVEC thats connecting #AI and #Crypto with #openai 

Jump in the telegram AMA in 5 mintes come and find out more

https://t.co/CFA4Qrge9oâ€¦ https://t.co/mF5BsDoGz3",[]
67,DIMITRYMAXIMOF1,,,1765,46,971,38,"Pushing #NeRF to avoid the uncanny valley? ğŸ™‚
InstantNGP with 50 full frame sharp images, then small supersampling using #AI 
@NYTimesRD @NVIDIAAIDev https://t.co/20kfVDN1Pv",['NeRF']
68,zeditip,"An #Marketing #Entusiast passionate about #Tech, #ArtificialIntelligence & #humanity. Hope to leave the world to a better place to live in.",,874,1542,268204,0,"O-Mail Top BEST Email for Privacy &amp; Security by ONPASSIVEğŸ’Œ
Enterprise Email Server for your Business Needs
Organizational Communication in a hassle-free manner
Know more about O-Mail
https://t.co/DgOmwoTY6U

#ONPASSIVE #OMail #earn #Business #AI #Technology #Network #I... https://t.co/Tuc7IMMsMH","['ONPASSIVE', 'OMail', 'earn', 'Business', 'AI', 'Technology', 'Network', 'I']"
69,KILABYTES,"OnChain AI Graffiti Artist
https://t.co/HMFUVzDuPD",All City,290,210,107,0,"Supreme Yemen #5

The Carlyle Group owns 50% of #Supreme. They profit from the Saudi Arabianâ€“led #Yemen Civil War. 16-50k civilians were killed or injured in the war.

https://t.co/v30IPcyCH3

#Str4ngeThing @Str4ngeThing #YemenCantWait #AI #AIArt #NFT #Tezos #XTZ #NFTs #Objkt https://t.co/7Jt66t9A5h","['Supreme', 'Yemen', 'Str4ngeThing', 'YemenCantWait', 'AI', 'AIArt', 'NFT', 'Tezos', 'XTZ', 'NFTs', 'Objkt']"
70,Kimberl58845041,,,3,0,4,59,"Hi @TaraBull808 @EricCryptoman
@1SirCrypto @iambroots @realdogen @CryptoMatt87 @cryptojourneyrs
The future is bright with https://t.co/n12ZCBHVEC thats connecting #AI and #Crypto with #openai 

Jump in the telegram AMA in 5 mintes come and find out more

https://t.co/CFA4Qrge9oâ€¦ https://t.co/mF5BsDoGz3",[]
71,ArmandinaHolt13,,,3,0,4,59,"Hi @TaraBull808 @EricCryptoman
@1SirCrypto @iambroots @realdogen @CryptoMatt87 @cryptojourneyrs
The future is bright with https://t.co/n12ZCBHVEC thats connecting #AI and #Crypto with #openai 

Jump in the telegram AMA in 5 mintes come and find out more

https://t.co/CFA4Qrge9oâ€¦ https://t.co/mF5BsDoGz3",[]
72,EsanJerilyn,,,1,0,4,59,"Hi @TaraBull808 @EricCryptoman
@1SirCrypto @iambroots @realdogen @CryptoMatt87 @cryptojourneyrs
The future is bright with https://t.co/n12ZCBHVEC thats connecting #AI and #Crypto with #openai 

Jump in the telegram AMA in 5 mintes come and find out more

https://t.co/CFA4Qrge9oâ€¦ https://t.co/mF5BsDoGz3",[]
73,nsanames,"A new #NSA product name will be tweeted every minute, feel free to use them for your projects. This is purely for experimental purposes. Created by https://t.co/eJ0pyTwuQm",Inside your router,121,58,47509,0,ğŸ™‹â€â™‚ï¸ gleeroute #nsa #nationalsecurityagency #parody #ai #artificialintelligence,"['nsa', 'nationalsecurityagency', 'parody', 'ai', 'artificialintelligence']"
74,crridan220,,,1317,44,763,14,"I summoned a goddess for @WaifuXArt's #GoddessAIChallenge. Truthfully, I summoned hundreds of them, but this one is my fav so far.

#AIart #AI #stablediffusionart #WaifuDiffusion https://t.co/vz8RQEHzID",['GoddessAIChallenge']
75,SynthientArt,"ğŸŒ½ artist         ğŸ’        AI        ğŸ’                                 
ğŸ¤– art connoisseur                   ğŸ’       glitch      ğŸ’
â˜‚ï¸ historic alfa hunt(Ã©)r",Australia,685,228,1614,0,"Submission #13

Thanks @tferriss I've had a lot of fun with this @cockpunch #AI

A Prime Cleric, weapon; ""Storm Conjure"" https://t.co/z8xBFAfsgO",['AI']
76,DeaconHermine,,,3,0,4,59,"Hi @TaraBull808 @EricCryptoman
@1SirCrypto @iambroots @realdogen @CryptoMatt87 @cryptojourneyrs
The future is bright with https://t.co/n12ZCBHVEC thats connecting #AI and #Crypto with #openai 

Jump in the telegram AMA in 5 mintes come and find out more

https://t.co/CFA4Qrge9oâ€¦ https://t.co/mF5BsDoGz3",[]
77,AugmentedMan,"https://t.co/pK6dLI1A1M
The Power of Poetry
#thepowerofpoetry #augmentedman #artinDATAspace",,209,811,3777,0,"Welcome to #thepowerofpoetry
Aaraya Claims 
https://t.co/xOue1aumxg
#poem #art #love #trust #power #AIart #algorithm #poetry  #Writer #AI #VR #buymeacoffee #poetrycommunity #poetrytwitter #poesie #writing #networking #Coffee #CoffeeTime #friends #CoffeeLovers #poetrylovers #poeâ€¦","['thepowerofpoetry', 'poem', 'art', 'love', 'trust', 'power', 'AIart', 'algorithm', 'poetry', 'Writer', 'AI', 'VR', 'buymeacoffee', 'poetrycommunity', 'poetrytwitter', 'poesie', 'writing', 'networking', 'Coffee', 'CoffeeTime', 'friends', 'CoffeeLovers', 'poetrylovers', 'poe']"
78,BenfieldValeri,,,3,0,4,59,"Hi @TaraBull808 @EricCryptoman
@1SirCrypto @iambroots @realdogen @CryptoMatt87 @cryptojourneyrs
The future is bright with https://t.co/n12ZCBHVEC thats connecting #AI and #Crypto with #openai 

Jump in the telegram AMA in 5 mintes come and find out more

https://t.co/CFA4Qrge9oâ€¦ https://t.co/mF5BsDoGz3",[]
79,HoHoHo420Santa,ğŸ„ ğŸ parody and satire ğŸ”¥,North Pole ,950,2226,7274,1,I discovered the Loch Ness monster! He was having a beer at my local pub. #midjourney #AIart #AI #Art https://t.co/fAPaMlrZOS,"['midjourney', 'AIart', 'AI', 'Art']"
80,Lena29084603,,,4,0,4,59,"Hi @TaraBull808 @EricCryptoman
@1SirCrypto @iambroots @realdogen @CryptoMatt87 @cryptojourneyrs
The future is bright with https://t.co/n12ZCBHVEC thats connecting #AI and #Crypto with #openai 

Jump in the telegram AMA in 5 mintes come and find out more

https://t.co/CFA4Qrge9oâ€¦ https://t.co/mF5BsDoGz3",[]
81,RpatoolsC,"Official Account of https://t.co/6s6MecKtlc. Follow us for latest updates on #rpa , #ipa and #digitaltransformation.
Note: RTs are done via #RPA. No endorsement.",,31,901,69607,1,How Data Analytics Can Help Deliver Social Good #roboticsainews #ai #artificialintelligence #digitaltransformation #technology #futurework #engineering #automation https://t.co/1jASZc5DRm,"['roboticsainews', 'ai', 'artificialintelligence', 'digitaltransformation']"
82,ITmeekEngineer,BSc. Information Technology || DevOps Engineer || Solution Expert || Huge Data Enthusiast || Huge Fan of Astronomy || Azure Security Engineer,,1269,790,15281,27,"Top 10 skills of 2025

#ArtificialIntelligence #AI #ML #DataScience #DataScientists #CodeNewbies #Tech #deeplearning #CyberSecurity #Python #Coding  #javascript #rstats #100DaysOfCode #programming #Linux #IoT #IIoT #BigData https://t.co/3fwvQ9NvKl","['ArtificialIntelligence', 'AI', 'ML', 'DataScience', 'DataScientists', 'CodeNewbies', 'Tech', 'deeplearning']"
83,ai_paparazzi,#paparazzi capturing #exclusive images of #celebrities with artificial intelligence by @thedantheman,New York City,8,97,20220,0,Caught Edward Burns in Rome #paparazzi #ai #aipaparazzi @ai_paparazzi #TMZ #CelebNews #CelebWatch #exclusive #PerezHilton #famous https://t.co/H31AZXpACq,"['paparazzi', 'ai', 'aipaparazzi', 'TMZ', 'CelebNews', 'CelebWatch', 'exclusive', 'PerezHilton', 'famous']"
84,rosalyn_hogg,,,4,0,4,59,"Hi @TaraBull808 @EricCryptoman
@1SirCrypto @iambroots @realdogen @CryptoMatt87 @cryptojourneyrs
The future is bright with https://t.co/n12ZCBHVEC thats connecting #AI and #Crypto with #openai 

Jump in the telegram AMA in 5 mintes come and find out more

https://t.co/CFA4Qrge9oâ€¦ https://t.co/mF5BsDoGz3",[]
85,KILABYTES,"OnChain AI Graffiti Artist
https://t.co/HMFUVzDuPD",All City,290,210,107,0,"Supreme Yemen #1 

The Carlyle Group owns 50% of #Supreme. They profit from the Saudi Arabianâ€“led #Yemen Civil War. 16-50k civilians were killed or injured in the war.

https://t.co/80mzH8rCIY

#Str4ngeThing @Str4ngeThing #YemenCantWait #AI #AIArt #NFT #Tezos #XTZ #NFTs #Objkt https://t.co/DxOIgAgxuf","['Supreme', 'Yemen', 'Str4ngeThing', 'YemenCantWait', 'AI', 'AIArt', 'NFT', 'Tezos', 'XTZ', 'NFTs', 'Objkt']"
86,2BRUKREW,The 2-BRU KREW are #Authors of Exciting #Westerns & Supernatural #books Avail on Amazon! https://t.co/LN7MZKcfCC & https://t.co/k4tAdwH5kt. Follows & RT's are not endorsements.,United States,4120,4079,26242,4,"Seeing Red is a visionary collection of #poetry that looks to our destiny and basks in the wonders of endless possibility. Experience this poignant selection of prose and imaginative imagery now. https://t.co/8pdCbcfTADâ€¦â€¦
#technology  
#readers 
#poetry #AI 
#writersoftwitter https://t.co/4hcmkIkMug",['poetry']
87,SCRATCRYPT,SLBot ğŸ’¡Make your telegram group much safer place!   https://t.co/biekiC7CgR,,90,32,3733,1,Our #ai is fully functional! It can interact with people. We keep building on #BSC #BSCGem #BSCGems #BNB #BNBChain #1000x #1000xgem #100x,"['ai', 'BSC', 'BSCGem', 'BSCGems', 'BNB', 'BNBChain', '1000x']"
88,bulbi59,"On connaÃ®t la misÃ¨re et on en rit nous mÃªme ! Plus Rien ne m'Ã©tonne, jusqu'ici tout va bien ! Mes Tweets n'engagent que moiâ£ï¸CÃ©dric ğŸ’ @BulbiT3ch - #Tech -",France,4654,1659,54180,146,"ğŸ’¥Here are 50+ #Blockchain Real World Use CasesğŸ‘Œ

v/@BBNTimes_en
#Fintech #NFT #web3 #Metaverse #Tech #AI #DataScience #BigData #Analytics #innovation #digital #Python #Flutter #JavaScript #IoT #Bot #WomenInSTEM #MachineLearning #TensorFlow #Cloud #coding #100DaysOfCode #CES2023 https://t.co/ogupGTK449","['Blockchain', 'Fintech', 'NFT', 'web3', 'Metaverse', 'Tech', 'AI', 'DataScience']"
89,LarssonLavina,,,2,0,4,59,"Hi @TaraBull808 @EricCryptoman
@1SirCrypto @iambroots @realdogen @CryptoMatt87 @cryptojourneyrs
The future is bright with https://t.co/n12ZCBHVEC thats connecting #AI and #Crypto with #openai 

Jump in the telegram AMA in 5 mintes come and find out more

https://t.co/CFA4Qrge9oâ€¦ https://t.co/mF5BsDoGz3",[]
90,nsanames,"A new #NSA product name will be tweeted every minute, feel free to use them for your projects. This is purely for experimental purposes. Created by https://t.co/eJ0pyTwuQm",Inside your router,121,58,47509,0,ğŸ›€ squirrelwalk #nsa #nationalsecurityagency #parody #ai #artificialintelligence,"['nsa', 'nationalsecurityagency', 'parody', 'ai', 'artificialintelligence']"
91,richardkimphd,"News, papers, and books on AI, Machine Learning, Deep Learning, Image Recognition, Computer Vision, and Natural Language Processing",,4983,4488,125113,0,"10 #AI Predictions For 2023

@LindaGrass0 @ronald_vanloon @GlenGilmore @JimHarris @BetaMoroney @DrJDrooghaag @SpirosMargaris 

https://t.co/9Vr40iWL6F",['AI']
92,Deon53684835,,,3,0,4,59,"Hi @TaraBull808 @EricCryptoman
@1SirCrypto @iambroots @realdogen @CryptoMatt87 @cryptojourneyrs
The future is bright with https://t.co/n12ZCBHVEC thats connecting #AI and #Crypto with #openai 

Jump in the telegram AMA in 5 mintes come and find out more

https://t.co/CFA4Qrge9oâ€¦ https://t.co/mF5BsDoGz3",[]
93,LillyPotter38,"I like cats, music and programming. Not Related to Harry Potter.",Bulgaria,12,618,134,66,Ultimate HTML and CSS CheatSheet #MachineLearning #DataScience #SQL #Cybersecurity #BigData #Analytics #AI #IIoT #Python #RStats #TensorFlow #JavaScript #ReactJS #CloudComputing #Serverless #DataScientist #Linux #Programming #Coding #100DaysofCode #NodeJSâ€¦ https://t.co/LRF6tITl4f,"['MachineLearning', 'DataScience', 'SQL', 'Cybersecurity', 'BigData', 'Analytics', 'AI', 'IIoT']"
94,SULAIMA51673204,"AYSÄ°RA SATIÅ NOKTASI.             GELÄ°NLÄ°K ,NÄ°ÅANLIK,BÄ°NDALLI.","Chicago, IL",0,0,14,85,"#Infographic: Here are the subsets of #ArtificialIntelligence!

#artificialintelligence #ai #machinelearning #technology #datascience #deeplearning #python https://t.co/sTXQld0MsZ","['Infographic', 'ArtificialIntelligence', 'artificialintelligence', 'ai', 'machinelearning', 'technology']"
95,RoboticsAINews,News aggregation service. Covering #robotics #artificialintelligence #virtualreality Anne Elvin (Founder) @ED_RoboAINews ğŸŒˆğŸ¤–ğŸ‡¦ğŸ‡º #robots #ai #ml #vr #ar,Australia,5065,5054,33307,1,How Data Analytics Can Help Deliver Social Good #roboticsainews #ai #artificialintelligence #digitaltransformation #technology #futurework #engineering #automation https://t.co/1jASZc5DRm,"['roboticsainews', 'ai', 'artificialintelligence', 'digitaltransformation', 'technology', 'futurework', 'engineering', 'automation']"
96,1000dayscodingb,I'm a BOT ğŸ¤– created by #1000daysofcoding @snrelghtwt to love & support our amazing Global Developer Community on Twitter ğŸ’™,,1,727,68717,1,"Hire us for  online classes or research paper in. 
Physics
Fall classes 
English 
essaypay 
Maths
History
Assignments .
Nursing
Economics.
Biology paper
Paper writing
Psychology
Accounting
Quizzes.
Thesis
Dissertation
Report
#100DaysOfCode
#DataSecurity
#CyberSecurity
#AI https://t.co/P7eiMoYVfF",[]
97,nsanames,"A new #NSA product name will be tweeted every minute, feel free to use them for your projects. This is purely for experimental purposes. Created by https://t.co/eJ0pyTwuQm",Inside your router,121,58,47509,0,âŒ setwhisper #nsa #nationalsecurityagency #parody #ai #artificialintelligence,"['nsa', 'nationalsecurityagency', 'parody', 'ai', 'artificialintelligence']"
98,Metaverseabc_,#Metaverseabc #metaverse #NFTs #web3 #blockchain #AR #VR #MX  #NFTCommunity #avatar #creativeeconomy solutions for #cities #citizens by @ztudium @citiesabc_,"London, England",208,42688,418,1,"What happens when an astrophysicist puts #AI #ChatGPT to the test?
 https://t.co/Ba3KaaLM8Q","['AI', 'ChatGPT']"
99,Gordidon,"Husband and Father, Tech and Sports. Writer/Creator of the ""Adventures of a System Admin"" the comic-book series. https://t.co/7yeeu00jPV",New York,443,439,25295,3,"[Inside #WAICF]

We are pleased to announce that @Smartcow_ai is our new Sponsor !âœ¨

Who are they ? SmartCow is an #AI native company specialized in advanced video #analytics, applied AI, and electronics manufacturing ğŸ•¹ï¸

ğŸ‘‰ Meet them at #WAICF : https://t.co/5EPH7vPQWF https://t.co/egqU2rr7lV","['WAICF', 'AI']"
